Player,UID,Defending,Physical,Speed,Vision,Attacking,Technical,Aerial,Mental,Team
Andrés Céspedes,2000043877.0,5.0,11.12,14.5,8.0,4.83,4.67,7.75,12.42,alaves
José Curras,67294881.0,13.0,13.0,13.5,10.67,8.17,11.0,10.5,14.08,alaves
Arnar Bragason,2000357424.0,14.33,14.62,12.5,8.5,9.33,9.83,11.0,13.08,alaves
Arnau Comas,67258409.0,13.33,13.25,14.0,11.0,8.5,9.5,14.5,12.75,alaves
Javi López,67293674.0,14.0,13.88,14.75,13.17,11.0,13.17,13.0,11.5,alaves
Lirim Kastrati,24058534.0,4.5,13.0,18.0,9.33,12.0,10.67,7.0,10.33,alaves
Schurrle,83223653.0,10.17,12.62,13.0,15.33,12.33,13.0,8.0,12.5,alaves
Ibrahim Sangaré,48042717.0,13.67,14.5,11.0,12.33,9.83,11.5,14.25,12.17,alaves
Asier Rodríguez,2000572954.0,6.0,11.25,15.0,11.33,8.67,15.33,7.0,11.08,alaves
0,2000068663.0,9.0,8.5,14.0,10.5,13.0,14.67,14.5,12.58,alaves
Xabier Garmendia,2000631378.0,7.5,15.62,14.5,13.17,15.5,15.33,14.0,14.17,alaves
Carlos Abad,67198215.0,5.83,10.62,9.0,10.5,5.83,6.17,8.0,11.92,alaves
David Martínez,14136117.0,14.0,12.88,13.5,12.5,9.5,12.0,12.0,12.75,alaves
Ander Imaz,2000439533.0,4.33,13.5,16.0,12.0,9.83,14.0,6.0,9.75,alaves
Rafa Mir,67221051.0,7.17,14.5,14.0,11.0,13.17,11.67,15.0,11.25,alaves
Samir Kacem,2000433838.0,13.33,13.88,14.0,8.83,6.5,10.33,12.0,14.5,alaves
Vyacheslav Karavaev,58076747.0,14.0,11.38,13.0,12.17,11.5,11.67,10.0,13.25,alaves
Joseph Ngwem,2000202611.0,4.0,14.38,14.0,10.83,12.83,12.67,11.25,11.58,alaves
Birger Meling,29126536.0,12.0,10.5,11.0,9.67,9.83,10.5,7.0,13.58,alaves
Adil Aouchiche,49048441.0,6.33,12.75,14.25,14.33,14.0,14.33,11.0,11.75,alaves
Alexander Sørloth,53063430.0,4.83,13.75,12.5,12.17,14.17,13.0,14.5,13.42,alaves
Luca Sangalli,67190076.0,11.5,11.88,9.0,12.33,12.0,11.83,4.0,13.08,alaves
Borja Sainz,67277845.0,10.17,11.38,14.0,13.33,12.83,13.33,9.5,11.33,alaves
Suleimane Rodrigues,2000190096.0,10.33,13.0,11.5,13.33,10.83,11.5,10.25,10.17,alaves
Stefan Ranđelović,62247042.0,5.67,10.88,11.5,10.0,6.17,7.0,8.0,13.83,alaves
Rubén Garrido,2000515088.0,7.33,14.12,11.5,13.0,11.83,11.67,10.0,13.08,alaves
Mauricio Morán,2000192669.0,6.5,13.25,10.5,7.33,4.33,3.83,7.0,12.17,albacete
Ángel Luis Arcas,2000571805.0,11.5,13.12,14.25,10.83,11.17,12.0,13.25,13.33,albacete
Juan Ángel Muñoz,2000512204.0,13.33,12.38,13.0,9.5,7.5,8.33,13.5,13.75,albacete
Ricardo Peralta,2000438819.0,12.67,11.75,11.5,7.0,7.17,8.0,14.5,14.33,albacete
Josep,2000513274.0,13.0,15.75,15.0,9.5,8.17,9.0,9.0,12.42,albacete
Ramiro Gabarri,2000198124.0,4.17,14.38,15.0,13.83,11.83,13.33,9.5,10.08,albacete
Gustavo Zamora,2000512210.0,5.17,13.38,14.0,13.17,11.5,13.83,10.25,10.33,albacete
Mamadou Coly,2000440193.0,6.5,13.62,15.5,11.33,8.67,11.67,8.0,10.17,albacete
Luis Nsambi,2000631649.0,7.33,12.62,12.75,15.0,11.5,14.83,11.5,11.83,albacete
Alberto,2000512206.0,6.0,13.12,13.0,14.33,12.67,14.67,10.5,10.33,albacete
Bright Adjei,2000660374.0,6.33,12.5,12.0,11.67,13.33,15.33,8.5,11.83,albacete
Guillermo Centurión,78095397.0,5.83,9.62,11.0,8.5,3.83,7.0,8.0,11.0,albacete
Kike Barja,67196202.0,7.83,11.38,12.5,14.33,11.67,14.0,7.5,11.83,albacete
Ezequiel Aranda,14246685.0,6.33,14.38,15.0,11.83,14.0,14.83,10.5,13.42,albacete
Álex Olmedo,2000034591.0,7.33,12.0,14.0,12.67,9.0,13.0,6.5,9.83,albacete
Raúl De Tomás,67156425.0,6.5,9.62,10.5,13.67,14.83,12.0,11.5,11.67,albacete
Sem Westerveld,37079077.0,3.67,8.25,7.0,3.67,4.0,2.67,8.0,10.83,albacete
Fali,67155014.0,13.0,7.88,7.75,9.83,9.0,10.17,13.5,14.5,albacete
Chema Nuñez,67232678.0,9.0,10.0,12.0,14.83,11.5,12.83,6.0,10.33,albacete
Antonio Sánchez,67272744.0,11.0,11.62,12.25,12.17,11.33,9.33,8.5,12.08,albacete
Fran Pérez,95078306.0,7.33,11.5,14.5,12.17,9.83,14.17,11.0,9.67,albacete
Diego Moreno,2000024303.0,12.67,12.88,15.5,9.5,9.17,10.33,8.0,12.08,albacete
Junior Esparragoza,2000179937.0,14.0,14.0,11.5,9.67,7.17,7.33,11.0,14.08,albacete
Francisco Jesús Carbonell,2000440196.0,10.83,12.88,13.0,15.0,10.67,13.67,11.0,13.17,albacete
Jan Oblak,64016316.0,6.67,9.25,6.5,13.33,6.5,8.83,8.0,14.33,amadrd
Marc Jurado,2000032704.0,12.33,14.0,17.0,12.33,11.0,14.33,9.5,12.0,amadrd
Nehuén Pérez,14181374.0,16.0,15.0,15.5,10.33,10.0,10.67,13.5,15.33,amadrd
Malang Sarr,48036830.0,14.0,15.5,15.5,13.0,11.67,13.0,13.5,14.5,amadrd
Juan Manuel,2000510085.0,12.33,15.75,14.0,11.33,10.0,15.33,7.5,13.83,amadrd
Simone Panada,43425634.0,12.67,15.0,13.5,15.33,10.67,13.33,10.5,13.5,amadrd
Pierre Dwomoh,2000006277.0,8.0,13.25,14.5,15.33,13.67,16.33,14.0,13.5,amadrd
0,62127037.0,11.0,14.5,11.5,16.67,15.0,15.0,16.0,15.17,amadrd
Nikola Stanković,2000211075.0,7.33,14.88,17.75,14.0,11.83,14.67,11.5,12.58,amadrd
João Félix,83169822.0,5.67,13.25,12.5,17.33,17.0,17.0,9.0,14.33,amadrd
Lorenzo Granelli,2000437491.0,7.67,16.75,15.5,13.67,15.67,16.33,12.0,13.5,amadrd
Matteo Godfroid,18114989.0,5.33,11.75,12.0,8.5,6.0,7.33,13.0,10.67,amadrd
Gonzalo Sánchez,2000416515.0,12.67,16.0,18.0,11.0,11.33,13.33,9.5,14.17,amadrd
Manoel Azambuja,2000410625.0,11.67,15.38,16.0,17.0,16.67,17.33,11.0,14.42,amadrd
Oğuz Civelek,2000232509.0,7.17,16.25,16.5,13.5,17.0,15.67,13.5,12.75,amadrd
Thomas Lemar,85093001.0,7.33,12.0,14.0,15.67,13.33,16.0,6.0,12.67,amadrd
José Giménez,78060464.0,15.67,11.0,10.0,11.0,11.0,11.33,13.5,15.83,amadrd
Marcos Llorente,67196198.0,13.67,12.25,11.5,13.5,11.83,12.17,10.5,14.33,amadrd
Dimo Krastev,22081455.0,13.5,14.62,13.25,14.0,11.5,11.67,15.5,11.75,amadrd
Frank Onyeka,27129125.0,13.83,14.62,17.25,12.67,12.83,11.67,12.0,14.25,amadrd
Lamine Silva,2000438826.0,15.0,16.25,12.5,11.0,8.83,10.67,12.75,14.58,amadrd
0,2000495264.0,5.33,15.5,16.5,11.0,9.67,13.67,13.0,10.33,amadrd
Alexander Villarreal,2000499325.0,6.67,14.5,15.5,14.17,10.17,13.83,7.0,11.17,amadrd
0,35017428.0,5.67,10.25,7.0,11.33,6.67,9.67,11.5,15.33,barc
Noël Roux,2000188122.0,13.0,15.75,17.5,12.83,10.33,13.0,7.5,13.83,barc
Ronald Araújo,78085068.0,15.67,13.75,14.5,11.67,9.0,12.33,16.5,15.0,barc
Alessandro Bastoni,43252460.0,14.67,15.5,14.0,12.33,11.33,12.0,16.0,15.17,barc
Juan Vela,2000489085.0,14.67,15.0,14.75,10.83,11.0,10.33,15.5,13.5,barc
Florentino Luís,83169817.0,16.0,14.75,12.5,12.67,12.0,13.0,12.5,16.17,barc
Vítor Ferreira,83174762.0,12.33,14.5,15.0,15.67,14.67,16.0,6.0,15.0,barc
Jonay Morán,2000194461.0,12.0,14.5,15.0,15.67,13.67,15.0,11.0,13.33,barc
Péricles,2000410450.0,5.0,14.5,16.0,13.0,14.67,15.33,11.5,11.83,barc
Pierre Fournier,2000435814.0,7.67,13.5,17.5,14.67,13.0,16.67,10.0,12.83,barc
Radovan Drakulić,2000211170.0,7.67,17.0,16.0,13.67,14.33,16.33,16.0,13.5,barc
Diego Laínez,51063318.0,6.67,15.25,15.5,15.0,13.67,15.67,6.0,14.17,barc
Pau Torres,67217522.0,16.33,12.25,13.5,10.0,8.0,12.0,16.5,14.5,barc
Ilaix Moriba,67279753.0,12.17,15.25,15.5,17.0,13.33,16.67,13.5,14.08,barc
Phil Foden,28108494.0,9.67,15.0,15.5,17.33,15.67,17.33,8.0,14.83,barc
Benoît Badiashile,49038942.0,14.33,15.5,15.0,12.0,9.67,11.83,17.0,13.92,barc
Harry Kane,28049320.0,10.67,10.25,9.5,16.33,18.0,13.67,12.0,16.5,barc
Gabriel Jesus,19220266.0,7.33,13.5,14.5,15.0,15.33,15.33,11.0,13.5,barc
Rodrygo,19306929.0,6.0,14.88,15.0,12.83,14.33,16.17,9.5,12.42,barc
Dejan Kulusevski,43295814.0,9.33,15.5,15.0,17.0,14.67,16.33,11.0,15.17,barc
Rayan Cherki,49056279.0,6.33,15.5,15.0,15.33,15.33,17.33,9.0,12.33,barc
Unai Simón,67200923.0,6.33,11.5,13.5,10.0,6.0,9.67,13.5,13.67,barc
Sergio Reguilón,67211900.0,13.67,14.25,13.5,13.0,13.5,13.0,9.0,14.75,barc
Tomás Esteves,83228786.0,13.0,14.75,16.0,13.33,12.83,13.33,12.0,12.83,barc
Sergi Ruiz,2000155987.0,0.0,0.0,0.0,0.0,0.0,0.0,0.0,0.0,barc
Franck Lacroix,2000192663.0,6.83,15.75,16.0,12.33,14.83,17.0,12.5,11.42,barc
Gennady Korshunov,2000238109.0,7.17,14.0,15.0,13.0,16.83,14.67,13.5,11.17,barc
Joan Planchart,2000509911.0,14.67,17.38,15.5,13.0,11.67,11.5,9.0,15.92,barc
Diego Aizpurua,2000193388.0,6.33,14.0,11.0,8.33,5.33,7.5,7.0,13.33,bilbao
Asier Grande,2000048078.0,13.0,13.88,16.0,12.5,8.33,11.5,8.5,13.58,bilbao
Unai Núñez,67214595.0,15.0,12.75,12.5,9.0,9.0,9.17,13.5,14.25,bilbao
Josema,2000682315.0,13.33,16.0,12.5,12.5,9.83,13.33,11.5,15.92,bilbao
Oier López,67277836.0,14.0,13.25,13.5,10.0,8.5,11.0,10.5,13.25,bilbao
Unai Vencedor,67260207.0,13.0,15.5,15.0,13.67,11.17,14.0,8.5,14.17,bilbao
Íñigo Herrera,2000510687.0,7.33,14.5,16.5,11.0,11.0,14.0,9.5,11.17,bilbao
Mikel Garai,2000438623.0,8.17,15.25,13.5,13.5,16.83,16.67,12.0,12.33,bilbao
Fran Alonso,2000570282.0,6.5,13.75,16.0,14.0,11.67,14.0,13.5,11.58,bilbao
Carlos Bidaurrázaga,2000573859.0,8.67,14.5,14.5,10.33,17.0,13.67,10.0,12.17,bilbao
Romain Bertrand,2000438620.0,10.17,15.5,13.0,14.33,16.0,15.33,14.5,13.5,bilbao
Yeray,67192475.0,14.67,11.25,12.5,10.0,8.67,9.83,13.0,14.92,bilbao
Oihan Sancet,67260204.0,10.17,14.0,15.0,16.0,14.67,13.67,13.5,12.92,bilbao
Ander Guevara,67246381.0,13.67,12.75,9.0,13.0,10.5,14.0,11.25,13.58,bilbao
Javier Arrue,2000438617.0,3.0,14.5,16.0,13.0,11.33,14.33,14.5,10.17,bilbao
Javier Karanka,2000193733.0,6.5,12.88,15.0,13.0,9.83,13.0,9.0,10.5,bilbao
Aimar Oroz,67276375.0,8.33,11.75,13.0,15.5,9.5,15.5,6.0,11.67,bilbao
Jon Magunazelaia,2000438619.0,6.33,12.5,13.0,14.5,12.33,14.0,8.5,13.0,bilbao
Íñigo Merino,2000442705.0,12.67,12.12,12.0,9.5,5.83,10.0,13.0,14.42,bilbao
Julen Letamendia,2000570277.0,14.67,14.0,14.0,12.0,10.17,12.0,9.0,15.67,bilbao
Alfredo Trelles,2000200467.0,6.33,10.25,10.0,7.83,4.5,3.33,6.5,12.83,cadiz
Timo Baumgartl,92065892.0,13.33,11.12,10.0,6.83,9.0,9.83,13.0,12.92,cadiz
Cameron Wells,2000431769.0,13.0,14.25,15.5,9.17,9.33,13.33,7.0,12.08,cadiz
Tarsi Bakero,2000193403.0,14.67,13.88,13.5,11.0,8.5,11.83,12.5,12.92,cadiz
Maximilian Mittelstädt,91143714.0,11.0,11.5,13.25,13.0,9.33,12.5,9.0,12.58,cadiz
Luka Jovanović,2000604683.0,6.0,13.0,15.0,12.67,8.67,13.0,7.5,9.83,cadiz
Henry Onyekuru,18093594.0,4.0,12.38,15.0,13.67,14.5,13.0,7.0,11.17,cadiz
Toni Dorado,2000197158.0,9.0,13.12,10.0,15.0,14.17,14.0,9.5,12.33,cadiz
Terry Ashton,2000505936.0,6.0,13.0,16.0,14.0,12.67,14.33,7.5,12.0,cadiz
Mateusz Bogusz,96129140.0,9.33,13.62,13.5,14.33,14.17,13.67,7.5,13.5,cadiz
Gerardo Gallardo,2000440602.0,6.0,11.62,17.0,12.33,10.67,13.83,6.5,9.92,cadiz
Tiago Geralnik,14224252.0,8.0,12.12,15.0,13.83,14.0,13.83,11.0,9.42,cadiz
Juan Soriano,67193103.0,5.5,13.0,7.25,9.33,8.17,5.5,10.5,13.33,cadiz
Luciano Ferreyra,14227040.0,12.5,13.5,14.0,14.5,12.5,15.0,7.0,11.33,cadiz
Toni Martínez,67216151.0,7.67,12.75,12.5,12.5,13.33,12.33,13.0,13.42,cadiz
Checa,2000438637.0,8.17,12.25,13.5,14.0,9.5,14.33,10.0,11.25,cadiz
Mamadou Loum,83100794.0,12.33,12.25,10.75,11.0,10.0,10.67,13.0,13.75,cadiz
Adrián Corral,2000057468.0,15.0,13.38,14.0,9.0,7.83,9.17,14.5,11.92,cadiz
Cacá,19350725.0,13.67,11.88,12.25,10.83,10.33,11.5,13.0,13.5,cadiz
Yesinguer Vinasco,2000415655.0,5.17,14.12,13.0,14.33,12.83,13.33,12.0,11.33,cadiz
Juanmi Ávila,2000441358.0,5.17,13.12,10.5,10.0,14.33,13.0,12.0,11.67,cadiz
Ion Etxabe,2000514435.0,3.67,10.62,15.0,11.33,13.5,13.33,6.5,10.83,cadiz
Nico Mickelson,53138009.0,8.67,12.88,15.5,11.17,8.67,13.83,8.5,11.33,cadiz
Jose Antonio Molina,2000571459.0,5.5,13.12,12.5,14.83,13.17,12.5,9.75,11.33,cadiz
Juan Luis,2000664823.0,13.17,11.5,12.0,7.83,8.67,8.17,11.5,13.92,cadiz
José Aurelio Suárez,67153377.0,4.83,11.88,9.5,7.5,5.5,9.0,8.5,11.92,coruna
Carlos Fernando,2000194985.0,12.0,14.25,12.75,10.33,7.33,11.17,10.0,14.25,coruna
Karim Pérez,2000193717.0,12.67,14.38,12.5,6.83,5.67,8.83,15.0,12.92,coruna
Leander Dendoncker,18057380.0,12.67,10.25,9.5,11.0,10.5,8.83,14.0,13.58,coruna
Jan Crettaz,2000571662.0,14.0,14.75,13.0,9.33,9.67,13.0,11.5,13.83,coruna
Kepa Uriarte,67277833.0,6.67,13.38,14.5,12.83,12.0,13.17,11.5,9.75,coruna
Tòfol Montiel,43459237.0,5.0,12.0,13.5,14.67,13.0,15.0,7.5,11.67,coruna
Saúl Rodríguez,2000440182.0,4.0,13.5,16.0,12.33,13.0,13.67,11.0,12.0,coruna
Joaquín Correa,14042683.0,3.33,10.25,12.0,15.67,13.33,15.67,9.0,13.17,coruna
Alberto Barace,2000663353.0,7.33,12.0,14.5,13.33,14.33,13.67,13.5,12.0,coruna
Luis Muñoz,90065199.0,12.33,10.75,11.0,7.33,6.17,9.0,11.5,13.75,coruna
Ismael Gutiérrez,67298778.0,13.33,11.5,13.5,11.0,8.17,12.83,7.25,12.83,coruna
Salva Gutiérrez,2000571656.0,8.0,11.62,12.5,14.67,10.17,11.83,6.5,12.08,coruna
Iago Salamanca,2000710728.0,5.67,11.12,13.0,13.33,14.0,15.17,10.5,12.08,coruna
Mirko Ladrón de Guevara,14197826.0,11.33,12.62,13.0,13.67,11.83,12.67,10.5,11.75,coruna
Nabil Touaizi,28113829.0,7.67,13.5,14.5,12.5,12.5,15.5,12.5,10.33,coruna
Tommaso Augello,43096264.0,13.0,10.0,9.5,10.67,11.17,11.17,7.5,13.25,coruna
Pape Gueye,48043484.0,12.33,12.12,13.25,12.67,8.33,12.67,10.5,12.0,coruna
Enock Kwateng,85134692.0,13.33,11.88,11.5,11.83,9.17,10.0,10.5,13.25,coruna
Nicolas Pépé,85136376.0,4.83,10.62,13.5,14.33,14.33,14.33,9.0,10.0,coruna
Xabier Santamaría,2000202642.0,4.83,12.88,12.0,11.5,12.0,12.5,7.75,10.58,coruna
Tasos Chatzigiovanis,36096701.0,6.67,11.12,15.0,11.33,9.67,10.33,6.5,9.42,coruna
Acyr,2000408996.0,13.67,9.0,6.5,10.0,10.83,13.33,9.5,15.75,coruna
Matías Cavalleri,75049257.0,5.0,12.62,14.5,12.83,12.33,13.5,6.5,11.92,coruna
Ricardo,2000443686.0,6.67,13.25,16.5,12.17,10.83,11.5,11.0,11.0,coruna
Dani,2000571661.0,12.17,13.0,10.25,9.33,7.0,8.17,11.25,12.75,coruna
Saúl,2000664224.0,5.33,9.88,7.25,7.17,3.83,3.17,7.75,12.83,coruna
Gregor Kobel,98040383.0,6.0,11.38,10.25,8.17,6.83,7.17,11.75,12.92,espanyol
César Ramírez,2000194011.0,12.67,13.5,11.0,9.33,9.0,11.5,9.5,15.08,espanyol
Dušan Stojinović,62218369.0,13.0,12.38,12.0,9.33,10.5,10.17,14.0,12.0,espanyol
Guillem Molina,67260507.0,15.0,12.5,15.0,8.83,8.17,7.67,13.5,12.75,espanyol
Toni Herrero,67277687.0,13.33,12.5,14.0,11.67,11.0,12.67,10.5,13.17,espanyol
Rami Hajal,93099931.0,5.67,12.88,13.0,14.67,11.33,13.0,11.5,11.75,espanyol
Óscar Melendo,67214687.0,7.5,13.0,14.0,15.17,12.0,14.33,6.5,13.25,espanyol
Francisco Conceição,83261140.0,5.83,12.12,13.5,15.0,13.17,15.33,6.0,12.33,espanyol
David,2000441683.0,6.83,13.38,13.5,14.17,12.17,14.33,10.0,11.75,espanyol
Matías Vargas,14141967.0,6.67,13.75,14.0,15.67,14.17,15.33,5.5,12.92,espanyol
0,29236380.0,8.0,13.5,18.0,11.33,14.67,12.33,11.5,12.17,espanyol
Lucas Forsberg,93141098.0,11.67,12.62,16.5,10.17,8.83,9.67,10.5,12.42,espanyol
Cezary Miszta,96122113.0,6.17,11.62,9.0,8.5,7.17,8.0,12.25,13.17,espanyol
Tymoteusz Puchacz,96086694.0,10.0,13.88,15.5,12.0,10.83,10.33,11.5,12.42,espanyol
Oier Zarraga,67260201.0,11.33,13.38,14.5,13.33,11.33,12.33,10.5,13.33,espanyol
Jorge De Frutos,67231100.0,6.67,11.5,14.5,12.5,13.0,12.0,6.5,12.08,espanyol
Chumi,95036003.0,13.33,12.25,12.0,10.0,7.33,9.5,13.5,13.08,espanyol
Brais Méndez,67199158.0,6.67,11.38,12.5,14.33,13.67,14.33,9.5,12.25,espanyol
Miguel Menino,83320117.0,8.67,13.38,14.0,12.33,12.5,14.33,10.0,12.5,espanyol
Carlos,2000202592.0,14.33,13.62,14.25,11.5,9.67,8.5,11.0,11.67,espanyol
Noé Blasco,2000440885.0,7.67,12.75,14.0,14.33,9.67,14.33,9.0,11.5,espanyol
Josep,2000513274.0,13.0,15.75,15.0,9.5,8.17,9.0,9.0,12.42,espanyol
Isak Amundsen,53178292.0,12.67,14.75,13.0,9.17,8.33,10.67,13.5,14.08,espanyol
José Luis Ruano,2000572819.0,9.17,12.88,16.5,12.5,8.67,13.83,11.0,9.83,espanyol
Arnau Tenas,67265794.0,6.67,11.12,10.0,11.17,4.0,8.33,9.25,11.83,granada
Ismael Casas,67271373.0,12.67,12.88,15.0,10.83,10.33,11.5,8.5,13.58,granada
Lovre Vujčić,2000188309.0,13.67,14.0,14.0,10.0,7.0,9.67,14.0,12.67,granada
Ulises Campus,2000273292.0,14.67,12.88,13.25,8.0,7.67,10.33,11.5,14.67,granada
Jorge Cuenca,67248170.0,13.67,13.38,13.5,9.83,8.0,10.83,15.0,13.08,granada
Antonio Raúl Escuín,2000440594.0,14.0,14.38,13.0,8.83,8.67,8.83,13.5,14.08,granada
Serafín,2000512562.0,9.0,15.0,17.0,13.5,11.33,14.5,11.5,10.17,granada
Iván Martínez,2000510865.0,11.17,13.88,14.0,9.33,10.83,9.33,10.5,13.5,granada
Félix,2000192673.0,10.33,12.75,13.0,14.17,12.0,13.67,11.0,11.92,granada
Luis Suárez,76046285.0,5.83,13.75,15.0,12.67,14.33,12.67,13.0,13.75,granada
Jose Luis,2000438355.0,9.67,13.88,15.0,15.67,12.33,14.67,12.5,13.75,granada
Cristian Manea,57120897.0,13.33,13.25,14.5,10.67,10.5,9.5,11.5,12.75,granada
Cristian Rivero,67246343.0,5.17,7.75,12.75,8.67,5.17,5.5,7.5,12.17,granada
Olmo,2000512864.0,12.0,14.25,14.25,10.0,10.0,11.67,8.5,13.75,granada
Antonio Javier García,2000571328.0,6.5,14.62,15.5,12.17,13.67,14.33,9.5,11.5,granada
Eugenio Caínzos,2000630560.0,6.33,12.12,15.0,16.0,9.83,14.17,7.5,11.17,granada
Saúl Salcedo,79026928.0,14.67,11.5,10.0,9.0,9.5,9.33,14.5,14.08,granada
Domingo Funcasta,2000510087.0,6.0,12.38,15.5,11.83,10.5,12.5,13.0,12.42,granada
Moussa Djenepo,6601602.0,5.5,13.12,15.0,11.33,10.83,13.0,7.5,12.0,granada
Jesse Lingard,28047560.0,6.5,8.38,10.0,11.67,12.67,13.0,4.0,13.83,granada
Denis Vavro,63025710.0,14.67,13.75,12.75,8.0,10.67,7.5,15.5,14.42,granada
Alberto Quintana,67280840.0,12.0,11.88,12.75,12.67,10.33,12.33,15.0,12.83,granada
Edimilson Fernandes,98030084.0,11.67,11.25,10.5,12.67,10.17,12.83,11.25,11.33,granada
José María Garai,2000437777.0,8.33,11.88,13.0,14.0,10.5,13.0,8.0,11.75,granada
Can Balcı,2000566216.0,13.67,12.88,9.5,7.83,7.83,9.83,12.5,13.17,granada
0,2000606148.0,0.0,13.38,16.0,12.17,8.83,12.33,12.0,9.67,granada
Migue Ortiz,2000630559.0,7.0,14.25,13.5,14.33,11.33,14.33,8.0,12.0,granada
Koke Vegas,67196252.0,5.67,11.12,8.75,7.83,5.67,7.17,11.5,12.75,laspalmas
Jose Alcaide,2000437774.0,13.67,13.5,12.75,10.33,10.0,9.5,10.5,15.58,laspalmas
Eugene Kulakov,2000434056.0,13.33,13.75,13.0,9.0,9.0,10.33,13.5,12.83,laspalmas
Jordan Torunarigha,91137260.0,14.0,11.75,14.0,12.67,11.0,11.67,15.0,12.5,laspalmas
Imanol,67276239.0,14.0,12.0,13.0,9.5,8.5,11.5,10.5,14.08,laspalmas
José,2000570829.0,8.17,12.5,12.5,15.83,12.33,15.33,7.5,12.08,laspalmas
Leo Díaz,2000630127.0,8.33,12.75,17.0,13.67,12.33,16.33,6.0,11.5,laspalmas
Beñat Sanz,2000439251.0,6.0,12.5,11.0,16.33,12.0,13.0,9.5,12.0,laspalmas
0,2000189953.0,7.17,12.88,14.5,12.33,14.5,13.67,11.5,9.83,laspalmas
Carlos Hernandez,2000511264.0,6.5,13.5,17.5,12.67,14.0,14.0,8.5,13.17,laspalmas
Anders Nygaard,2000569028.0,6.0,13.75,12.5,14.33,15.33,13.0,11.0,13.33,laspalmas
Clement Nwabueze,2000710897.0,13.67,14.5,13.0,9.67,9.33,11.0,12.5,13.17,laspalmas
Fajar Bayhaqi,2000439532.0,11.67,12.75,10.5,11.33,8.67,12.0,10.0,14.5,laspalmas
Gil Dias,55082920.0,7.5,11.38,13.0,12.5,11.83,13.33,10.0,10.58,laspalmas
Marian Vasilache,2000328740.0,5.83,14.75,12.5,9.33,12.0,13.0,14.5,11.75,laspalmas
Paul Akouokou,33066648.0,14.0,13.25,13.0,11.0,8.5,10.5,13.75,13.5,laspalmas
Isaiah Álvarez,2000630129.0,7.83,12.5,14.0,11.67,12.67,12.5,9.5,10.5,laspalmas
Nikola Katic,24047814.0,12.67,11.75,9.5,7.33,8.83,10.33,17.0,12.92,laspalmas
Enzo Loiodice,49045906.0,11.67,13.12,11.25,14.33,11.5,13.83,5.5,12.42,laspalmas
Javi Galán,67243881.0,13.67,11.25,12.75,13.33,11.33,13.5,7.5,14.58,laspalmas
0,85144993.0,11.0,12.12,14.0,13.0,11.5,13.0,7.0,12.25,laspalmas
Alfredo Iglesias,2000194460.0,6.17,11.0,10.25,9.67,3.0,4.33,8.5,12.17,laspalmas
Thomas Michel,2000434743.0,7.5,12.88,13.5,10.0,8.67,12.33,11.0,10.67,laspalmas
Adailson,2000664048.0,5.67,11.62,15.5,13.33,10.17,12.5,5.0,9.33,laspalmas
Javi Izquierdo,67288498.0,7.33,11.88,9.25,8.5,5.17,6.0,9.5,12.25,leganes
Víctor Gómez,67257950.0,12.0,12.12,14.5,11.33,10.17,10.17,6.0,11.0,leganes
Rasmus Lauritsen,27069979.0,13.33,13.12,12.75,9.33,9.67,7.67,15.0,14.75,leganes
Gabriel Torres,2000438016.0,15.0,13.25,12.0,8.0,8.0,8.33,13.5,13.33,leganes
Braian Cufré,14131295.0,11.0,11.88,13.5,13.33,10.5,12.17,7.0,13.5,leganes
Ifeanyi Mathew,53141633.0,10.17,12.5,11.0,14.33,12.33,13.83,9.0,12.83,leganes
Ryan Johansson,90086790.0,12.0,12.62,12.0,12.0,10.5,11.83,9.5,12.17,leganes
Che Nunnely,37055838.0,4.83,12.5,16.5,11.33,11.33,13.67,7.5,11.17,leganes
Àlex Collado,67246435.0,6.17,11.88,13.0,15.0,12.5,14.67,7.0,12.17,leganes
Freddy Vargas,86061304.0,7.5,13.25,13.0,13.33,11.33,13.67,9.0,12.58,leganes
Ángel Cabello,2000438822.0,7.67,14.62,13.0,13.33,14.33,15.0,12.5,12.17,leganes
Olaus Skarsem,89051875.0,6.33,9.5,13.0,14.17,13.0,13.67,4.0,10.92,leganes
Aarón Escandell,67192427.0,6.33,9.75,7.5,7.0,5.33,3.17,8.5,11.5,leganes
Javier Pascua,2000573866.0,4.67,12.75,14.5,12.0,13.0,12.67,7.0,10.58,leganes
Álvaro Santamaría,67298126.0,6.83,13.5,13.5,9.0,11.17,14.5,14.0,11.33,leganes
Óscar Clemente,67259874.0,10.5,11.12,13.5,13.67,13.17,13.33,8.5,13.0,leganes
Rodrigo Zalazar,67271371.0,10.0,12.25,11.5,12.0,11.17,12.17,9.25,11.17,leganes
Nils Mortimer,67265795.0,4.33,12.5,14.5,12.83,14.0,14.0,10.5,11.08,leganes
Michel Vlap,215665.0,6.17,9.88,10.5,13.33,13.5,11.67,12.5,12.67,leganes
John McGinn,61043070.0,12.33,12.5,11.5,14.67,12.83,14.17,7.75,13.17,leganes
Patric,67100019.0,14.0,8.88,7.25,13.17,10.33,11.83,11.5,15.5,leganes
Sergi Rosanas,67265793.0,12.0,12.38,14.5,11.17,9.5,11.67,7.5,12.58,leganes
Pep Chavarría,67277695.0,11.67,12.0,15.0,10.67,9.0,12.0,9.0,10.67,leganes
Fran López,67279609.0,8.0,11.62,13.0,11.5,12.67,15.83,10.0,11.92,leganes
Lluís Recasens,67295940.0,14.67,11.0,11.5,8.0,6.67,9.0,11.5,10.67,leganes
Miguel,2000192899.0,5.33,14.38,15.75,14.67,10.67,13.67,8.5,11.67,leganes
Gonzalo Maroni,14137723.0,5.33,11.12,12.0,13.33,12.33,13.33,6.0,10.5,leganes
Dominik Kruzliak,63026929.0,14.0,9.62,7.5,6.17,9.33,6.83,13.0,14.25,leganes
Sebastián Cabrera,75036622.0,12.33,12.88,13.5,11.83,9.0,12.17,9.5,14.08,leganes
Amarildo Gojani,2000505067.0,6.0,14.25,13.5,14.33,13.33,15.67,9.0,11.33,leganes
Gianluca Bellucci,2000508898.0,10.0,13.0,12.5,10.67,11.0,14.33,8.5,11.67,leganes
Cheick Ibra Koné,2000631747.0,5.0,9.38,13.75,10.5,9.17,13.83,6.5,9.42,leganes
Ramiro Macagno,14157119.0,5.83,10.75,12.25,11.33,4.83,6.33,10.0,13.17,realhisp
Eduardo Sarriegi,2000438820.0,14.33,12.62,12.25,10.33,9.5,9.67,7.0,13.75,realhisp
Omar Rekik,91187786.0,13.0,11.25,14.5,12.0,10.0,11.67,12.0,13.17,realhisp
Benjamín Kuscevic,75032824.0,14.33,11.62,10.5,8.67,6.83,9.33,13.5,13.25,realhisp
Pablo Pérez,2000014927.0,9.0,13.25,15.25,12.67,10.67,12.83,8.0,12.42,realhisp
Fabio Blanco,2000034357.0,6.5,13.62,16.0,14.33,11.0,15.5,6.0,10.17,realhisp
Gavi,2000049413.0,6.67,13.75,14.0,15.67,13.0,15.0,8.0,12.33,realhisp
Valentín Delmás,2000192672.0,12.0,13.75,12.5,13.83,9.17,13.83,10.5,13.58,realhisp
Alexis,2000438631.0,7.17,13.88,16.5,13.33,13.0,14.67,9.0,10.08,realhisp
Alfonso Miranda,2000629593.0,10.5,14.25,14.5,13.5,11.5,13.33,7.5,10.67,realhisp
Atanas Yordanov,2000215422.0,6.33,14.5,15.5,12.17,14.5,13.83,11.0,10.17,realhisp
Jose Carlos,2000438639.0,10.67,14.0,15.5,13.83,12.0,15.5,6.5,11.83,realhisp
Martín Martínez,2000439252.0,6.5,12.88,12.5,13.0,12.0,13.5,11.5,11.33,realhisp
Jairo,2000737759.0,5.67,10.75,12.0,7.67,4.33,6.0,6.0,9.83,realhisp
Adrian Molina,2000570287.0,8.5,14.25,15.5,11.33,9.33,13.17,11.0,10.0,realhisp
Oumar Sangaré,2000629589.0,9.5,12.62,12.75,11.67,10.83,11.67,10.75,12.83,realhisp
Mujaid Sadick,67249928.0,14.67,13.12,12.75,9.5,10.0,9.83,11.5,13.17,realhisp
Giovanni Cabrera,2000439549.0,4.33,14.0,14.0,10.33,13.67,11.0,11.0,12.5,realhisp
Orel Mangala,18087973.0,12.0,14.62,13.75,12.67,11.0,14.0,10.0,13.83,realhisp
Ignatius Ganago,49045927.0,8.67,14.5,14.5,11.17,13.17,12.17,10.0,11.83,realhisp
Dragan Rosić,62167554.0,5.33,11.5,10.25,9.33,5.17,5.33,10.5,12.33,realhisp
Franjo Lazar,2000028271.0,10.33,11.5,14.75,12.0,9.67,10.33,5.5,10.58,realhisp
Txus Alba,2000048420.0,7.17,11.62,12.5,14.5,12.5,13.33,7.0,12.08,realhisp
Eiður Gauti Sigurpálsson,2000355767.0,4.17,10.88,16.25,8.83,2.17,14.83,12.25,3.92,realhisp
Abel Angulo,2000438635.0,12.83,12.12,11.0,13.67,12.0,11.33,9.0,12.83,realhisp
Marc Trives,2000439546.0,7.17,11.12,13.0,11.33,15.5,10.67,12.5,11.33,realhisp
Friday Opara,2000442249.0,12.0,13.0,11.5,11.33,7.17,10.33,9.0,13.08,realhisp
Kostyantyn Vivcharenko,71113673.0,12.0,13.5,14.5,10.5,10.83,12.83,9.5,13.92,realhisp
Talla Mendy,2000510695.0,10.83,13.0,15.0,8.0,6.67,8.17,5.5,12.83,realhisp
Joselito,2000510697.0,12.0,12.75,13.0,7.67,7.17,6.83,11.5,14.25,realhisp
Thibaut Courtois,18026122.0,7.0,8.75,4.5,14.0,5.67,11.67,14.0,15.17,rmdrd
Pedro Porro,67268221.0,11.67,15.0,16.0,14.67,13.83,15.67,8.5,13.5,rmdrd
Boubacar Kamara,48043084.0,14.67,15.25,15.5,13.5,11.0,13.0,14.0,14.75,rmdrd
Takehiro Tomiyasu,45095490.0,14.33,15.0,15.0,13.67,11.0,12.67,13.5,14.17,rmdrd
Fabrice Mbassi,2000191910.0,14.33,15.5,14.5,14.17,8.5,13.67,7.0,14.0,rmdrd
Youri Tielemans,18077264.0,12.33,12.75,12.0,17.33,15.0,15.67,8.5,14.33,rmdrd
Juan Martín Sancho,2000377686.0,8.33,14.5,17.5,14.67,13.0,16.33,12.0,12.0,rmdrd
Raheem Sterling,28054109.0,9.0,14.25,14.5,15.0,15.33,15.33,8.5,14.33,rmdrd
Jadon Sancho,28108490.0,6.0,13.5,16.0,17.0,15.33,16.67,9.0,12.0,rmdrd
Lê,2000410610.0,9.17,15.62,17.0,12.33,13.0,16.0,14.5,13.08,rmdrd
Zinho Vanheusden,18091405.0,15.33,13.25,13.0,14.67,11.0,10.67,15.0,14.0,rmdrd
Angeliño,28095342.0,12.33,13.25,12.5,14.33,12.67,13.67,7.5,13.83,rmdrd
Francisco Mora,2000437769.0,6.67,14.62,8.0,7.67,5.17,5.5,9.75,12.42,rmdrd
Éder Militão,19273276.0,14.67,15.25,15.0,12.33,11.0,12.33,14.0,14.67,rmdrd
Abderrahmane Sefrioui,2000433189.0,13.67,17.0,15.0,9.0,10.67,13.33,10.5,14.33,rmdrd
Vinícius Júnior,19302146.0,5.5,13.88,16.5,13.67,13.67,15.67,8.0,14.42,rmdrd
Odsonne Edouard,48036880.0,7.0,13.75,12.5,11.67,15.67,14.33,13.5,11.83,rmdrd
Edmond Tapsoba,13196616.0,13.67,14.12,14.0,13.33,10.5,12.83,16.0,13.5,rmdrd
Kylian Mbappé,85139014.0,4.33,15.25,19.0,15.67,18.67,17.67,8.0,14.83,rmdrd
Ciprian Trandafir,2000189363.0,10.83,14.5,15.5,12.0,11.0,13.0,9.5,11.83,rmdrd
Matías Zeiden,2000272732.0,11.67,15.0,14.0,14.33,12.83,16.67,9.5,14.42,rmdrd
Andrew Sinclair,2000432933.0,11.67,14.62,14.0,14.0,12.17,14.0,9.0,12.92,rmdrd
Isaac Guerra,2000439269.0,14.33,14.5,13.0,12.17,10.17,13.17,10.5,14.25,rmdrd
Boris Peters,2000506902.0,5.0,15.0,17.0,12.33,15.67,16.67,11.0,11.5,rmdrd
Roberto Bonilla,2000569765.0,7.5,16.0,14.0,14.17,12.17,15.83,15.5,13.67,rmdrd
Álex Remiro,67183918.0,6.0,11.25,11.5,9.33,6.0,9.0,9.0,12.67,rsana
Kim Christian Høyenhall,2000182998.0,6.67,12.5,10.5,8.0,4.67,8.33,8.5,11.0,rsana
Robin Le Normand,48037162.0,14.67,14.0,13.5,10.33,8.33,11.33,15.0,14.17,rsana
António Silva,83320135.0,15.33,14.0,17.0,11.33,8.67,7.33,13.5,12.5,rsana
William Saliba,49039004.0,13.67,15.5,15.0,11.33,10.33,11.33,15.5,14.0,rsana
Lukas Mohr,2000432897.0,14.0,14.0,14.5,9.33,8.33,11.33,13.0,13.17,rsana
Piotr Jabłoński,2000623979.0,12.0,14.5,15.0,8.67,10.0,12.0,6.0,13.5,rsana
Denis Zakaria,98034601.0,13.33,14.0,14.0,12.0,11.33,12.33,13.0,13.83,rsana
Renato Pereira,2000190646.0,12.0,15.0,13.0,12.67,9.67,11.33,11.0,13.83,rsana
John Damiano,2000435431.0,13.67,13.75,13.0,9.67,8.0,10.67,6.5,16.17,rsana
Ignacio Vallina,2000570634.0,13.33,14.5,14.5,14.33,10.67,14.0,13.5,15.67,rsana
Brandon Williams,28115834.0,12.33,13.5,15.5,10.33,11.67,12.67,10.5,14.0,rsana
David Carmo,83111598.0,13.33,13.75,13.0,11.67,11.0,11.33,14.5,13.83,rsana
Souza,2000607666.0,15.0,15.5,14.0,12.33,9.67,11.0,15.0,15.33,rsana
Kai Ocaña,2000194470.0,8.33,15.0,15.5,10.0,10.33,14.0,10.5,12.83,rsana
José Gragera,67263880.0,12.33,12.0,12.0,12.33,10.0,13.0,15.0,13.67,rsana
Sergi Pascual,2000196434.0,13.33,15.25,13.5,13.33,14.0,13.67,14.0,13.17,rsana
Paweł Brzyski,2000433744.0,10.0,13.75,14.5,14.0,11.67,12.33,14.0,14.5,rsana
Scott Diaz,2000706461.0,9.33,11.0,13.5,11.67,11.0,12.0,11.0,14.0,rsana
Pablo,2000572050.0,8.67,15.0,16.0,12.67,12.0,14.67,10.0,9.83,rsana
Gaetano Oristanio,43425611.0,7.33,14.0,14.5,15.0,13.67,14.67,10.0,12.33,rsana
Ayrton Tallura,2000274550.0,7.0,13.5,13.5,17.0,11.0,17.33,8.5,12.33,rsana
John Bueno,2000419425.0,9.0,17.5,14.0,15.33,14.67,16.33,6.5,12.5,rsana
Felipe,2000510074.0,8.0,15.25,13.0,10.67,12.33,11.67,12.0,12.33,rsana
Matthias Hasa,2000568032.0,5.33,13.75,15.0,14.33,9.67,16.0,10.0,10.83,rsana
Koldo Valencia,2000663358.0,7.67,11.0,14.5,11.33,10.67,12.67,6.5,12.0,rsana
Luka Bransteter,2000054638.0,6.33,14.25,15.0,13.0,15.0,13.67,13.0,13.67,rsana
Tibo De Vos,2000663034.0,7.0,13.5,16.0,12.67,12.67,14.0,10.0,11.83,rsana
Gabriel Martinelli,19351309.0,6.0,13.25,16.0,14.33,13.67,14.67,13.0,14.33,rsana
Adam Hlozek,31041522.0,6.33,14.25,16.0,12.67,13.33,13.33,12.0,11.5,rsana
Mikel Oyarzábal,67220143.0,12.0,14.0,13.5,16.0,15.67,15.33,11.5,14.33,rsana
Arijanet Murić,28108492.0,6.0,11.5,13.75,9.83,6.17,8.83,11.0,13.17,sevilla
José María Noguera,2000438352.0,14.33,14.25,14.0,11.67,8.0,12.33,13.5,14.0,sevilla
Dario Maresic,16170605.0,13.0,14.75,13.5,13.0,7.67,12.33,14.0,13.5,sevilla
Emmanuel,2000569770.0,14.67,13.88,12.25,12.0,8.17,9.5,13.5,15.42,sevilla
Rubén,2000510866.0,11.67,15.75,11.5,9.33,10.83,14.0,10.5,14.08,sevilla
Federico Real,2000193194.0,15.5,13.5,13.75,10.33,8.0,11.33,7.0,14.42,sevilla
Joan Jordán,67187249.0,12.0,10.25,7.5,14.33,12.83,12.17,9.75,13.17,sevilla
Martín Zubimendi,67246385.0,13.0,13.5,12.5,13.67,10.0,14.33,13.0,13.67,sevilla
Isaac Lihadji,49048366.0,8.17,14.12,15.0,13.67,12.33,14.33,7.5,12.67,sevilla
Raphinha,19242277.0,9.0,11.5,14.0,15.0,14.33,15.67,7.5,12.83,sevilla
Alvaro,2000510252.0,9.0,15.75,15.0,16.83,12.67,16.17,12.5,13.33,sevilla
0,29126231.0,12.67,13.38,13.0,11.83,10.83,12.33,7.0,13.25,sevilla
Valeri Gavazov,2000215456.0,6.83,11.62,15.0,13.5,11.83,15.0,6.0,9.92,sevilla
Munir,67174735.0,5.17,11.12,11.0,15.33,14.5,14.33,7.5,12.5,sevilla
Rogelinho,2000439844.0,3.67,10.75,16.0,13.67,11.33,13.67,9.0,10.5,sevilla
Andri Fannar Sigurgeirsson,2000439839.0,13.67,13.0,13.25,10.67,8.67,8.83,12.0,14.08,sevilla
Lucas Ocampos,14031132.0,4.67,11.38,11.5,12.83,14.33,13.5,12.0,13.42,sevilla
Mads Pedersen,27088224.0,11.67,12.25,13.0,11.67,10.17,12.67,5.0,12.75,sevilla
Jordan Henderson,28005568.0,14.33,8.75,5.5,13.0,12.33,12.33,10.5,16.33,sevilla
Koke,67047092.0,14.33,8.25,4.0,14.67,14.83,14.33,8.25,16.25,sevilla
Óliver,67169689.0,8.33,8.88,8.0,15.17,12.0,14.83,5.0,12.58,sevilla
José Marsà,67279755.0,14.0,14.5,15.5,13.0,9.67,12.0,13.0,13.67,sevilla
Gonçalo Ramos,83209468.0,6.0,12.75,12.5,14.83,15.0,13.33,14.0,13.25,sevilla
Rasmus Højlund,27160181.0,4.0,12.25,14.0,9.67,12.67,12.67,14.5,12.33,sevilla
Agustín,2000440745.0,8.17,14.12,15.5,12.83,11.83,11.33,9.5,12.58,sevilla
Gautier Larsonneur,85133818.0,6.33,12.88,11.5,11.17,5.83,11.17,7.0,13.42,vale
Enrico Brancadori,2000436507.0,16.33,16.5,16.0,13.67,11.33,13.33,17.5,14.67,vale
Rubén Iranzo,2000032467.0,15.33,15.25,15.0,12.83,11.5,11.17,15.0,13.42,vale
Urko González de Zárate,2000058330.0,14.0,12.75,15.0,10.67,6.0,9.0,14.5,11.83,vale
0,28100123.0,14.33,14.75,15.5,9.5,8.83,11.67,11.0,14.33,vale
José Gayà,67178177.0,13.67,13.25,14.0,14.67,13.0,14.67,5.5,14.67,vale
Orkun Kökçü,37061602.0,6.33,14.25,13.5,14.0,12.67,14.67,7.5,13.17,vale
Damián Ribera,2000193186.0,7.67,13.12,14.5,15.67,13.33,16.0,8.0,13.42,vale
Sérgio Mané,2000507867.0,8.33,13.75,13.5,15.67,12.33,14.67,10.0,13.0,vale
Bartol Barišić,24065111.0,5.0,13.5,12.0,11.67,15.67,14.33,15.0,14.0,vale
Gabriel Jesus,19220266.0,7.33,13.5,14.5,15.0,15.33,15.33,11.0,13.5,vale
Predrag Rajković,62076152.0,8.0,12.12,9.75,8.83,9.0,9.17,8.25,13.08,vale
Ivo Gujinović,2000565341.0,14.67,15.88,14.0,9.83,9.17,10.67,10.5,16.0,vale
Morten Thorsby,53098756.0,13.0,14.12,13.5,12.0,12.83,10.0,14.0,14.25,vale
Joaquín Salgado,2000272916.0,4.0,13.25,16.5,11.33,16.0,14.33,9.5,11.0,vale
Aron Ehlers,2000194937.0,8.17,13.38,15.5,14.33,11.83,14.0,9.0,13.17,vale
Sheldon Peltier,2000187635.0,11.0,14.75,15.25,11.33,10.0,13.5,13.0,14.25,vale
Mouctar Diakhaby,48036643.0,14.33,13.88,12.5,10.83,8.5,10.33,15.5,14.25,vale
Malcom,19229435.0,4.5,13.5,15.0,16.0,13.33,15.67,7.5,12.33,vale
Nicolas Cozza,49037761.0,13.33,14.5,13.0,12.33,11.33,12.0,11.5,13.17,vale
Rodri,67217524.0,13.67,12.5,12.5,13.33,11.33,13.0,13.5,13.83,vale
Nico Serrano,67295206.0,6.5,13.0,15.0,13.33,13.0,15.67,12.0,10.33,vale
Cristhian Mosquera,2000030816.0,12.67,13.88,13.0,10.17,7.83,8.33,13.5,12.42,vale
Hugo Montañana,2000034349.0,12.0,12.62,14.5,12.5,8.83,13.67,12.0,11.92,vale
Georges Teixeira,2000187375.0,13.33,13.38,13.0,10.5,7.67,9.17,15.0,13.42,vale
Luís Pereira,2000188430.0,14.83,14.62,13.0,11.5,9.5,11.0,8.5,15.0,vale
Adrian,2000193185.0,7.33,13.62,12.0,13.5,14.0,14.5,6.75,14.08,vale
Josema,2000439264.0,13.0,14.0,12.5,7.67,8.33,8.67,11.5,14.83,vale
Pedro Javier López,2000202554.0,5.17,12.25,10.5,6.67,5.5,7.33,9.25,13.25,vallecano
Nikola Colic,2000212623.0,14.67,13.88,13.0,8.83,7.5,11.0,11.0,14.75,vallecano
Ramón Santos,2000440896.0,13.0,14.0,14.75,10.0,7.0,9.5,12.5,13.25,vallecano
Xabier Gourgues,2000663362.0,12.33,13.25,13.5,8.33,9.33,10.0,15.0,14.5,vallecano
Manu Sánchez,67284340.0,12.67,12.5,14.0,10.0,10.17,9.83,10.0,13.75,vallecano
Jon Moncayola,67267210.0,12.17,11.88,12.5,12.33,10.17,11.0,11.0,13.17,vallecano
Pierre Kunde,67211690.0,11.83,13.12,12.0,11.33,12.5,10.33,10.0,12.83,vallecano
Mohamed Cissé,2000565877.0,7.33,14.5,15.5,11.33,14.0,14.0,9.0,12.17,vallecano
Bart Ramselaar,37045888.0,8.83,12.5,13.5,13.33,11.83,14.33,10.5,13.42,vallecano
Yann Karamoh,85144982.0,5.0,11.12,15.0,12.33,12.83,13.0,11.0,9.5,vallecano
Roberto,2000440887.0,5.67,14.25,15.5,15.67,16.33,14.0,8.0,11.92,vallecano
Uğur Özbay,2000432893.0,12.0,13.75,12.0,8.67,8.0,7.67,12.0,12.17,vallecano
Silvan Hefti,98038279.0,13.33,13.0,13.0,10.0,9.83,9.83,11.0,12.75,vallecano
Alberto Leon Fernández,2000631656.0,6.33,12.75,17.0,11.5,10.17,12.5,9.5,9.75,vallecano
Eugenio,2000632614.0,6.67,13.25,16.0,11.67,11.33,12.0,7.5,12.08,vallecano
Carlos Abraham,2000440884.0,13.33,12.75,11.5,9.33,8.83,10.0,9.0,14.42,vallecano
Gaizka Larrazabal,67256616.0,8.33,13.0,13.5,12.83,11.17,11.83,9.5,11.67,vallecano
Mama Baldé,55070279.0,7.83,11.62,14.0,11.67,10.0,11.33,8.5,10.67,vallecano
Santi Comesaña,67224142.0,12.0,11.0,11.75,12.33,11.33,11.0,12.0,12.92,vallecano
Javi Martínez,67249495.0,8.5,12.25,11.0,14.0,11.17,12.67,9.5,12.08,vallecano
Juan Artola,67260216.0,10.0,9.75,13.0,12.83,11.67,12.67,7.5,11.42,vallecano
Julio Villalba,79028819.0,5.17,12.62,12.0,13.0,12.83,12.67,12.0,13.17,vallecano
Álvaro García,89062864.0,14.33,9.88,11.5,11.17,7.17,9.67,10.5,12.08,vallecano
Samy Chouchane,2000010841.0,11.67,10.38,13.0,9.33,8.5,11.0,7.5,11.92,vallecano
Alex Hernando,2000197164.0,5.17,9.25,12.0,6.0,5.17,3.0,6.75,13.25,vallecano
José Alberto Nieto,2000197171.0,8.17,12.5,12.5,13.0,13.5,15.67,7.5,12.42,vallecano
Jordi,2000513013.0,14.33,13.62,13.75,12.67,8.33,11.67,13.0,13.25,vallecano
Laure,2000631655.0,8.83,12.5,11.5,13.67,11.17,15.5,6.5,14.17,vallecano
Rubén Blanco,67156610.0,6.5,11.25,10.5,10.67,6.67,7.5,7.75,13.0,vigo
Luís Rodrigues,2000436535.0,15.0,13.75,11.0,12.0,8.0,12.33,11.5,14.0,vigo
Ricardo Graça,83107071.0,13.67,13.62,13.5,11.0,11.5,11.5,12.5,12.83,vigo
Andrejs Ciganiks,37075484.0,12.0,13.38,12.0,12.17,9.67,11.67,9.5,11.08,vigo
Billy Gilmour,61078265.0,9.83,10.12,12.5,14.0,13.5,13.33,7.5,14.17,vigo
Antonio Blanco,67256515.0,14.0,13.75,13.25,13.0,12.33,11.33,11.0,14.42,vigo
Gorka Alarcón,2000194477.0,6.0,14.75,15.0,12.33,11.83,14.0,11.0,9.67,vigo
Rodrigo Gogna,2000273938.0,9.17,14.0,12.0,15.0,13.83,16.67,12.0,14.42,vigo
Octavian Popescu,57175903.0,9.83,13.12,14.0,15.17,12.17,14.0,9.5,11.75,vigo
Yago Freitas,2000570843.0,4.33,14.75,16.0,13.33,15.33,14.67,7.0,11.17,vigo
Christian Kouamé,43201838.0,4.83,13.62,16.0,13.67,14.33,13.33,12.0,13.67,vigo
Sergio Rico,67171745.0,5.33,8.25,4.75,9.33,6.5,6.0,9.5,12.67,vigo
Timo Zaal,2000022712.0,14.0,13.38,15.0,8.5,6.33,6.0,15.5,12.42,vigo
Luis Garai,2000681737.0,6.0,13.75,16.0,10.33,10.0,13.33,9.0,10.33,vigo
Dawid Kownacki,96059679.0,7.33,12.88,13.5,12.33,14.0,11.0,12.5,13.33,vigo
Ali Tweed,2000432931.0,13.33,12.5,13.0,8.33,7.17,7.5,15.5,13.5,vigo
Reiss Nelson,28107919.0,7.67,12.5,14.5,13.17,11.5,14.5,5.5,10.83,vigo
Aarón Martín,67196209.0,13.33,11.38,14.25,12.17,12.33,12.83,8.0,14.0,vigo
Manu Morlanes,67228802.0,14.5,13.88,14.0,13.67,10.33,12.17,8.5,12.75,vigo
Unai Gómez,2000065899.0,10.83,10.88,13.5,13.0,11.0,12.17,7.0,11.08,vigo
Junior Esparragoza,2000179937.0,14.0,14.0,11.5,9.67,7.17,7.33,11.0,14.08,vigo
Germán,2000194475.0,12.0,14.75,13.0,9.0,8.5,8.83,15.5,13.5,vigo
Emil Bohinen,53126104.0,7.83,12.88,13.5,14.5,12.5,13.33,8.5,11.92,vigo
Pedro Esperancinha,2000437963.0,12.33,15.25,12.25,8.67,6.33,8.17,10.5,14.58,vigo
Nino,2000511282.0,6.67,11.75,13.0,13.5,12.33,14.0,11.5,11.67,vigo
Carles,2000192884.0,5.17,12.38,10.5,6.67,4.67,5.67,7.75,12.83,villareal
Odilon Kossounou,93127195.0,13.0,12.75,14.25,10.0,10.33,9.0,15.0,13.33,villareal
Oriol Busquets,67225653.0,14.17,13.5,13.5,14.67,11.17,13.0,13.5,13.83,villareal
Didier,2000509916.0,13.67,15.75,14.5,11.0,10.67,11.0,12.5,14.17,villareal
Dmytro Smalyukh,2000461897.0,15.33,14.25,13.5,10.67,9.5,11.67,11.5,14.0,villareal
Óliver Pueyo,2000569557.0,13.67,13.88,12.25,14.33,10.33,13.17,6.75,14.5,villareal
John Córdoba,2000416582.0,9.33,15.25,14.0,12.83,10.5,14.5,12.5,11.67,villareal
Luis Vicente,2000438000.0,15.0,16.0,14.5,13.33,12.67,14.67,6.5,14.17,villareal
Samuel Chukwueze,67269484.0,8.83,14.0,16.0,15.33,12.67,17.33,9.5,12.33,villareal
Javi Ontiveros,67211745.0,8.33,12.5,14.5,15.33,14.67,15.33,5.0,11.67,villareal
Mohamed Cisse,2000509917.0,6.0,13.25,15.0,12.83,16.67,13.33,8.5,11.08,villareal
Emrah Ağın,2000244749.0,6.83,12.38,11.25,9.33,6.17,6.5,8.5,14.17,villareal
Gianfranco Giuffrè,2000272929.0,6.5,13.12,15.0,12.0,11.17,15.33,11.0,11.17,villareal
Faustino,2000438001.0,5.67,15.75,17.0,14.0,17.0,15.33,7.5,11.67,villareal
Fernando Niño,67258829.0,8.0,11.88,13.0,12.0,15.33,12.67,16.5,13.58,villareal
Abdul Mumin,27128916.0,15.33,14.75,14.5,14.0,9.67,10.0,15.0,13.0,villareal
Maxence Caqueret,48044737.0,14.67,13.0,11.5,14.67,11.5,14.5,6.25,13.17,villareal
Alfonso Pedraza,67212046.0,12.33,12.75,12.5,11.33,12.83,12.33,11.5,13.92,villareal
Manu Morlanes,67228802.0,14.5,13.88,14.0,13.67,10.33,12.17,8.5,12.75,villareal
Iván Muñoz,67295020.0,14.67,13.12,14.0,9.33,10.5,8.83,14.5,13.0,villareal
Francisco Conceição,83261140.0,5.83,12.12,13.5,15.0,13.17,15.33,6.0,12.33,villareal
Wanderson Bastos,2000410491.0,12.0,14.0,14.5,8.0,6.33,11.17,12.0,13.42,villareal
Yesinguer Vinasco,2000415655.0,5.17,14.12,13.0,14.33,12.83,13.33,12.0,11.33,villareal
José Vicente Muñoz,2000509912.0,6.17,11.5,12.25,7.67,4.17,4.5,7.0,11.83,villareal
Álex,2000509919.0,4.5,12.38,15.5,10.33,9.0,12.33,8.5,12.5,villareal
Andrés Torres,2000628761.0,8.67,13.75,15.0,16.33,12.33,16.33,10.5,11.5,villareal
Pablo,2000193992.0,5.67,13.0,13.0,7.33,4.33,6.0,8.5,13.17,zaragoza
Alejandro Francés,67281886.0,14.33,14.5,14.0,11.5,9.83,11.17,12.5,14.25,zaragoza
Arkadiusz Marciniak,2000232548.0,14.67,15.62,14.25,9.5,8.33,7.83,14.5,12.5,zaragoza
Quique Clemente,67246261.0,14.0,13.12,14.25,13.83,10.33,12.67,12.0,13.67,zaragoza
Eric Kahl,93142833.0,12.0,13.88,14.5,11.17,10.33,12.5,10.0,12.92,zaragoza
Ismaïla Sarr,48042766.0,5.83,13.5,15.5,12.33,13.33,13.0,7.5,12.17,zaragoza
Francho,67278162.0,13.0,13.12,13.25,12.67,12.33,13.0,9.5,12.83,zaragoza
Renato Adriano,2000411533.0,11.67,14.75,13.25,13.33,11.67,11.33,10.0,13.25,zaragoza
Ruben Vargas,98041215.0,8.33,13.38,14.0,14.0,13.33,14.0,9.5,12.42,zaragoza
Javi Mas,2000511079.0,11.33,13.75,13.25,16.0,12.0,15.33,11.0,13.5,zaragoza
Jorge Cañadas,2000511078.0,6.33,15.0,14.0,13.17,13.33,15.5,13.5,10.83,zaragoza
Martín Merino,2000201919.0,5.17,10.62,4.75,7.5,3.67,3.17,8.5,12.0,zaragoza
Óscar Gil,67227188.0,13.33,13.88,16.0,11.83,9.17,9.0,8.5,13.08,zaragoza
Dídac,2000437768.0,9.0,13.25,12.5,12.67,12.33,15.33,12.5,14.5,zaragoza
Fernando Silva,2000439540.0,5.17,15.38,17.5,12.5,13.17,15.0,10.0,12.92,zaragoza
Luis Carbonell,95078291.0,8.0,13.25,13.5,14.0,14.17,14.33,7.5,11.33,zaragoza
Alejandro Balde,67296654.0,11.0,13.75,14.0,11.67,10.5,13.33,9.0,12.75,zaragoza
Carles Aleñá,67213011.0,6.5,11.88,12.5,16.67,13.17,14.33,9.0,13.0,zaragoza
Malcom,19229435.0,4.5,13.5,15.0,16.0,13.33,15.67,7.5,12.33,zaragoza
Marvin,67277459.0,5.33,11.75,15.0,12.5,9.83,12.5,6.0,9.67,zaragoza
Ander Imaz,2000439533.0,4.33,13.5,16.0,12.0,9.83,14.0,6.0,9.75,zaragoza
Jesus Carrasco,2000439537.0,4.0,12.25,15.0,11.67,9.67,13.0,9.5,10.0,zaragoza
Francisco Jesús,2000511084.0,12.67,13.38,11.5,9.83,9.17,11.67,11.0,11.42,zaragoza
Vladimir Moldovan,2000570460.0,11.17,13.88,12.0,13.17,11.67,14.17,13.0,12.33,zaragoza
Jorge Tato,2000571897.0,5.33,13.75,16.5,8.67,13.0,10.67,10.5,11.42,zaragoza
